,size,#columns,ave_rows_with_missing_values_ratio_per_window,max_rows_with_missing_values_ratio_per_window,total_rows_with_missing_values_ratio,overall missing value ratio,overall average null columns ratio,average null columns ratio among all windows,max average #null columns ratio among all windows,average missing value ratio among all windows,max missing value ration among all windows,IForest_ave_anomaly_ratio,IForest_max_anomaly_ratio,ECOD_ave_anomaly_ratio,ECOD_max_anomaly_ratio,mean_ave_anomaly_ratio,max_ave_anomaly_ratio,ECOD_overall_anomaly_ratio,IForest_overall_anomaly_ratio,ave_overall_anomaly_ratio,hdddm_drift_percentage,kdq_drift_percentage,ave_drift_percentage,hdddm_warning_percentage,kdq_warning_percentage,ave_warning_percentage,ks_ave_drift_percentage,ks_max_drift_percentage,hdddm_ave_drift_percentage,hdddm_max_drift_percentage,kdq_ave_drift_percentage,kdq_max_drift_percentage,cbdb_ave_drift_percentage,cbdb_max_drift_percentage,pca_ave_drift_percentage,pca_max_drift_percentage,ave_drift_percentage,max_drift_percentage,ks_ave_warning_percentage,ks_max_warning_percentage,hdddm_ave_warning_percentage,hdddm_max_warning_percentage,kdq_ave_warning_percentage,kdq_max_warning_percentage,cbdb_ave_warning_percentage,cbdb_max_warning_percentage,pca_ave_warning_percentage,pca_max_warning_percentage,ave_warning_percentage,max_warning_percentage
dataset_experiment_info,,,,,,,,,,,,,,,,,,,,,,,,,,,,,,,,,,,,,,,,,,,,,,,,,,
dataset_experiment_info/allstate_claims_severity,188318,132,0.0,0.0,0.0,0.0,0.0,,,,,0.011148936170212766,0.016,0.011797872340425532,0.0155,0.011483695652173912,0.01475,0.01178857039688187,0.011140730041737911,0.011464650219309891,0.021739130434782608,0.021739130434782608,0.08572627172970324,0.0,0.0,0.00030167050039594254,0.0012632452204080094,0.6739130434782609,0.16972736528526716,0.41304347826086957,0.0001885440627474641,0.06521739130434782,0.1717259323503903,0.41304347826086957,0.0,0.0,0.08572627172970324,0.6739130434782609,0.0012066820015837702,0.15217391304347827,0.0,0.0,0.0,0.0,0.0,0.0,0.0,0.0,0.00030167050039594254,0.15217391304347827
dataset_experiment_info/bike_sharing_demand,10886,12,0.0,0.0,0.0,0.0,0.0,,,,,0.011481481481481481,0.027777777777777776,0.01074074074074074,0.05277777777777778,0.010615079365079366,0.04027777777777778,0.010655888296895094,0.011390777144956826,0.01102333272092596,0.2857142857142857,0.07142857142857142,0.3948412698412698,0.0,0.0,0.0,0.6825396825396826,1.0,0.4603174603174603,0.7857142857142857,0.047619047619047616,0.42857142857142855,0.3888888888888889,0.7142857142857143,0.0,0.0,0.3948412698412698,1.0,0.0,0.0,0.0,0.0,0.0,0.0,0.0,0.0,0.0,0.0,0.0,0.0
dataset_experiment_info/rssi,9984,5,0.0,0.0,0.0,0.0,0.0,,,,,0.01963927855711423,0.07414829659318638,0.014028056112224449,0.06613226452905811,0.017455964560700348,0.07014028056112225,0.014022435897435898,0.019631410256410256,0.016826923076923076,0.10526315789473684,0.0,0.2631578947368421,0.0,0.0,0.013157894736842105,0.631578947368421,0.8421052631578947,0.18421052631578946,0.2631578947368421,0.0,0.0,0.23684210526315788,0.2631578947368421,0.0,0.0,0.2631578947368421,0.8421052631578947,0.05263157894736842,0.05263157894736842,0.0,0.0,0.0,0.0,0.0,0.0,0.0,0.0,0.013157894736842105,0.05263157894736842
dataset_experiment_info/noaa,18159,9,0.0,0.0,0.0,0.0,0.0,,,,,0.017388888888888888,0.04722222222222222,0.01538888888888889,0.03611111111111111,0.016326530612244896,0.03888888888888889,0.015364282174128531,0.017236631973126273,0.016300457073627404,0.04081632653061224,0.2653061224489796,0.267219387755102,0.0,0.0,0.021683673469387755,0.5229591836734694,0.9387755102040817,0.23724489795918366,0.46938775510204084,0.09183673469387756,0.24489795918367346,0.21683673469387754,0.3877551020408163,0.0,0.0,0.267219387755102,0.9387755102040817,0.08673469387755102,0.22448979591836735,0.0,0.0,0.0,0.0,0.0,0.0,0.0,0.0,0.021683673469387755,0.22448979591836735
dataset_experiment_info/KDDCUP99,494021,42,0.0,0.0,0.0,0.0,0.0,,,,,0.004833910244731888,0.01603206412825651,0.0,0.0,0.002417372662412793,0.008016032064128256,0.0,0.00483380261162987,0.002416901305814935,0.13245702730030334,0.0,0.0509644551606129,0.0,0.0,0.00010154433814696707,0.0001814834979647922,0.006066734074823054,0.10034309023186677,0.24974721941354905,3.456828532662709e-05,0.004044489383215369,0.10329867862729339,0.243680485338726,0.0,0.0,0.0509644551606129,0.10329867862729339,0.00040617735258786827,0.012133468149646108,0.0,0.0,0.0,0.0,0.0,0.0,0.0,0.0,0.00010154433814696707,0.012133468149646108
dataset_experiment_info/electricity_prices,45312,9,0.0,0.0,0.0,0.0,0.0,,,,,0.01181592039800995,0.12351190476190477,0.014458955223880597,0.0744047619047619,0.013336489898989898,0.09077380952380952,0.01438912429378531,0.011895303672316384,0.013142213983050847,0.18181818181818182,0.9393939393939394,0.38484848484848483,0.0,0.0,0.0015151515151515152,0.7606060606060606,1.0,0.30606060606060603,0.4393939393939394,0.19393939393939394,0.7575757575757576,0.2787878787878788,0.3939393939393939,0.0,0.0,0.38484848484848483,1.0,0.006060606060606061,0.015151515151515152,0.0,0.0,0.0,0.0,0.0,0.0,0.0,0.0,0.0015151515151515152,0.015151515151515152
dataset_experiment_info/tetouan,52416,9,0.0,0.0,0.0,0.0,0.0,,,,,0.004050925925925926,0.02361111111111111,0.01222993827160494,0.06157407407407407,0.008464170692431562,0.03611111111111111,0.012095543345543346,0.004006410256410256,0.0080509768009768,0.34782608695652173,1.0,0.7,0.0,0.0,0.002173913043478261,0.9826086956521739,1.0,0.5391304347826087,0.6956521739130435,0.7304347826086957,1.0,0.5478260869565218,0.782608695652174,0.0,0.0,0.7,1.0,0.008695652173913044,0.043478260869565216,0.0,0.0,0.0,0.0,0.0,0.0,0.0,0.0,0.002173913043478261,0.043478260869565216
dataset_experiment_info/beijing_multisite,,,,,,,,,,,,,,,,,,,,,,,,,,,,,,,,,,,,,,,,,,,,,,,,,,
dataset_experiment_info/beijing_multisite/wanliu,35064,18,0.1275462962962963,0.8513888888888889,0.12634040611453343,0.010214655106852231,0.010214655106852231,0.010220550411522634,0.06010802469135802,0.010220550411522634,0.06010802469135802,0.011313657407407408,0.07777777777777778,0.0,0.0,0.005585106382978724,0.03888888888888889,0.0,0.011151038101756787,0.005575519050878394,0.2553191489361702,1.0,0.28132387706855794,0.0,0.0,0.00591016548463357,0.40110323089046496,1.0,0.30102442868400314,0.5319148936170213,0.12293144208037825,0.9787234042553191,0.30023640661938533,0.574468085106383,0.0,0.0,0.28132387706855794,1.0,0.02364066193853428,0.1702127659574468,0.0,0.0,0.0,0.0,0.0,0.0,0.0,0.0,0.00591016548463357,0.1702127659574468
dataset_experiment_info/beijing_multisite/wanshouxingong,35064,18,0.06530671296296296,0.4166666666666667,0.06548026465890942,0.008153344994549649,0.008153344994549649,0.007987718621399176,0.03973765432098766,0.007987718621399176,0.03973765432098766,0.016724537037037038,0.1125,0.0,0.0,0.00824468085106383,0.05625,0.0,0.01648414328085786,0.00824207164042893,0.1702127659574468,1.0,0.28073286052009455,0.0,0.0,0.003940110323089046,0.36879432624113473,1.0,0.3207249802994484,0.6170212765957447,0.11583924349881797,0.9361702127659575,0.31757289204097716,0.5957446808510638,0.0,0.0,0.28073286052009455,1.0,0.015760441292356184,0.10638297872340426,0.0,0.0,0.0,0.0,0.0,0.0,0.0,0.0,0.003940110323089046,0.10638297872340426
dataset_experiment_info/beijing_multisite/gucheng,35064,18,0.07297453703703703,0.5458333333333333,0.07300935432352271,0.007491063959236444,0.007491063959236443,0.00738329475308642,0.033179012345679014,0.00738329475308642,0.033179012345679014,0.014728009259259258,0.12361111111111112,0.0,0.0,0.007299054373522459,0.06180555555555556,0.0,0.014516313027606663,0.0072581565138033315,0.3404255319148936,1.0,0.26654846335697396,0.0,0.0,0.005516154452324665,0.37115839243498816,1.0,0.2907801418439716,0.5957446808510638,0.1276595744680851,1.0,0.2765957446808511,0.5531914893617021,0.0,0.0,0.26654846335697396,1.0,0.02206461780929866,0.19148936170212766,0.0,0.0,0.0,0.0,0.0,0.0,0.0,0.0,0.005516154452324665,0.19148936170212766
dataset_experiment_info/beijing_multisite/huairou,35064,18,0.09635416666666667,0.3763888888888889,0.09571070043349304,0.011859266864400335,0.011859266864400335,0.011889146090534979,0.10223765432098765,0.011889146090534979,0.10223765432098765,0.013078703703703703,0.10138888888888889,0.0,0.0,0.006309101654846335,0.050694444444444445,0.0,0.012890714122746977,0.006445357061373488,0.3617021276595745,1.0,0.2637903861308116,0.0,0.0,0.0017730496453900709,0.35145784081954295,1.0,0.29393223010244285,0.6170212765957447,0.11426319936958235,0.9574468085106383,0.29550827423167847,0.5957446808510638,0.0,0.0,0.2637903861308116,1.0,0.0070921985815602835,0.06382978723404255,0.0,0.0,0.0,0.0,0.0,0.0,0.0,0.0,0.0017730496453900709,0.06382978723404255
dataset_experiment_info/beijing_multisite/nongzhanguan,35064,18,0.05558449074074074,0.35555555555555557,0.05561259411362081,0.006480213957968921,0.006480213957968921,0.00636574074074074,0.02862654320987654,0.00636574074074074,0.028626543209876544,0.01614583333333333,0.09583333333333334,0.0,0.0,0.008008274231678486,0.04791666666666667,0.0,0.01591375770020534,0.00795687885010267,0.3617021276595745,1.0,0.2702915681639086,0.0,0.0,0.00591016548463357,0.35776201733648544,1.0,0.30575256107171,0.6382978723404256,0.12056737588652483,0.9574468085106383,0.2970843183609141,0.5957446808510638,0.0,0.0,0.2702915681639086,1.0,0.02364066193853428,0.23404255319148937,0.0,0.0,0.0,0.0,0.0,0.0,0.0,0.0,0.00591016548463357,0.23404255319148937
dataset_experiment_info/beijing_multisite/changping,35064,18,0.06846064814814815,0.48333333333333334,0.06796144193474789,0.008185033082363678,0.008185033082363678,0.008174189814814815,0.050617283950617285,0.008174189814814815,0.050617283950617285,0.012297453703703705,0.09722222222222222,0.0,0.0,0.005998817966903073,0.04861111111111111,0.0,0.0121492128678987,0.00607460643394935,0.3617021276595745,1.0,0.28565799842395584,0.0,0.0,0.003743104806934594,0.4160756501182033,1.0,0.30969267139479906,0.5319148936170213,0.119779353821907,0.9787234042553191,0.2970843183609141,0.5531914893617021,0.0,0.0,0.28565799842395584,1.0,0.014972419227738376,0.06382978723404255,0.0,0.0,0.0,0.0,0.0,0.0,0.0,0.0,0.003743104806934594,0.06382978723404255
dataset_experiment_info/beijing_multisite/dingling,35064,18,0.1083912037037037,0.8861111111111111,0.10717545060460872,0.011114596800770654,0.011114596800770656,0.011209169238683127,0.06851851851851852,0.011209169238683129,0.06851851851851852,0.013454861111111112,0.08888888888888889,0.0,0.0,0.006604609929078014,0.044444444444444446,0.0,0.013261464750171115,0.0066307323750855575,0.3617021276595745,1.0,0.2860520094562648,0.0,0.0,0.0033490937746256896,0.42001576044129235,1.0,0.31048069345941687,0.6595744680851063,0.10717100078802207,0.9787234042553191,0.3065405831363278,0.5531914893617021,0.0,0.0,0.2860520094562648,1.0,0.013396375098502758,0.06382978723404255,0.0,0.0,0.0,0.0,0.0,0.0,0.0,0.0,0.0033490937746256896,0.06382978723404255
dataset_experiment_info/beijing_multisite/aotizhongxin,35064,18,0.0933449074074074,0.3888888888888889,0.09265913757700206,0.011520204324790225,0.011520204324790225,0.011532278806584362,0.11967592592592594,0.011532278806584362,0.11967592592592592,0.012413194444444444,0.075,0.0,0.0,0.006102245862884161,0.0375,0.0,0.012234770704996577,0.006117385352498289,0.3404255319148936,1.0,0.280929866036249,0.0,0.0,0.007486209613869188,0.4105594956658786,1.0,0.2970843183609141,0.5957446808510638,0.12371946414499606,0.9574468085106383,0.2923561859732072,0.5319148936170213,0.0,0.0,0.280929866036249,1.0,0.02994483845547675,0.14893617021276595,0.0,0.0,0.0,0.0,0.0,0.0,0.0,0.0,0.007486209613869188,0.14893617021276595
dataset_experiment_info/beijing_multisite/dongsi,35064,18,0.13599537037037038,1.0,0.13478211270819074,0.012041473369331,0.012041473369331,0.012041859567901235,0.06388888888888888,0.012041859567901235,0.06388888888888888,0.015827546296296298,0.15555555555555556,0.0,0.0,0.007742316784869976,0.07777777777777778,0.0,0.01562856490987908,0.00781428245493954,0.40425531914893614,1.0,0.2700945626477541,0.0,0.0,0.006895193065405831,0.355397951142632,1.0,0.2978723404255319,0.5319148936170213,0.11741528762805359,0.9574468085106383,0.30969267139479906,0.6170212765957447,0.0,0.0,0.2700945626477541,1.0,0.027580772261623324,0.23404255319148937,0.0,0.0,0.0,0.0,0.0,0.0,0.0,0.0,0.006895193065405831,0.23404255319148937
dataset_experiment_info/beijing_multisite/shunyi,35064,18,0.14010416666666667,0.7083333333333334,0.1388888888888889,0.013503878621948438,0.013503878621948438,0.013549704218106995,0.0669753086419753,0.013549704218106995,0.0669753086419753,0.013194444444444444,0.10277777777777777,0.0,0.0,0.00658983451536643,0.05138888888888889,0.0,0.013004791238877482,0.006502395619438741,0.2765957446808511,1.0,0.2730496453900709,0.0,0.0,0.004925137903861308,0.36327817178881006,1.0,0.31520882584712373,0.6170212765957447,0.10717100078802207,0.9787234042553191,0.3065405831363278,0.574468085106383,0.0,0.0,0.2730496453900709,1.0,0.019700551615445233,0.0851063829787234,0.0,0.0,0.0,0.0,0.0,0.0,0.0,0.0,0.004925137903861308,0.0851063829787234
dataset_experiment_info/beijing_multisite/guanyuan,,,,,,,,,,,,,,,,,,,,,,,,,,,,,,,,,,,,,,,,,,,,,,,,,,
dataset_experiment_info/beijing_multisite/tiantan,,,,,,,,,,,,,,,,,,,,,,,,,,,,,,,,,,,,,,,,,,,,,,,,,,
dataset_experiment_info/weather_indian_cities,,,,,,,,,,,,,,,,,,,,,,,,,,,,,,,,,,,,,,,,,,,,,,,,,,
dataset_experiment_info/weather_indian_cities/bangalore,,,,,,,,,,,,,,,,,,,,,,,,,,,,,,,,,,,,,,,,,,,,,,,,,,
dataset_experiment_info/weather_indian_cities/lucknow,,,,,,,,,,,,,,,,,,,,,,,,,,,,,,,,,,,,,,,,,,,,,,,,,,
dataset_experiment_info/weather_indian_cities/mumbai,,,,,,,,,,,,,,,,,,,,,,,,,,,,,,,,,,,,,,,,,,,,,,,,,,
dataset_experiment_info/weather_indian_cities/Rajasthan,,,,,,,,,,,,,,,,,,,,,,,,,,,,,,,,,,,,,,,,,,,,,,,,,,
dataset_experiment_info/weather_indian_cities/Bhubhneshwar,,,,,,,,,,,,,,,,,,,,,,,,,,,,,,,,,,,,,,,,,,,,,,,,,,
dataset_experiment_info/weather_indian_cities/delhi,,,,,,,,,,,,,,,,,,,,,,,,,,,,,,,,,,,,,,,,,,,,,,,,,,
dataset_experiment_info/weather_indian_cities/chennai,,,,,,,,,,,,,,,,,,,,,,,,,,,,,,,,,,,,,,,,,,,,,,,,,,
dataset_experiment_info/insects,,,,,,,,,,,,,,,,,,,,,,,,,,,,,,,,,,,,,,,,,,,,,,,,,,
dataset_experiment_info/insects/abrupt_imbalanced,,,,,,,,,,,,,,,,,,,,,,,,,,,,,,,,,,,,,,,,,,,,,,,,,,
dataset_experiment_info/insects/out-of-control,,,,,,,,,,,,,,,,,,,,,,,,,,,,,,,,,,,,,,,,,,,,,,,,,,
dataset_experiment_info/insects/incremental_imbalanced,,,,,,,,,,,,,,,,,,,,,,,,,,,,,,,,,,,,,,,,,,,,,,,,,,
dataset_experiment_info/insects/incremental_reoccurring_balanced,,,,,,,,,,,,,,,,,,,,,,,,,,,,,,,,,,,,,,,,,,,,,,,,,,
dataset_experiment_info/insects/incremental_balanced,,,,,,,,,,,,,,,,,,,,,,,,,,,,,,,,,,,,,,,,,,,,,,,,,,
dataset_experiment_info/insects/incremental_abrupt_balanced,,,,,,,,,,,,,,,,,,,,,,,,,,,,,,,,,,,,,,,,,,,,,,,,,,
dataset_experiment_info/insects/gradual_imbalanced,,,,,,,,,,,,,,,,,,,,,,,,,,,,,,,,,,,,,,,,,,,,,,,,,,
dataset_experiment_info/insects/abrupt_balanced,,,,,,,,,,,,,,,,,,,,,,,,,,,,,,,,,,,,,,,,,,,,,,,,,,
dataset_experiment_info/insects/incremental_abrupt_imbalanced,,,,,,,,,,,,,,,,,,,,,,,,,,,,,,,,,,,,,,,,,,,,,,,,,,
dataset_experiment_info/insects/incremental_reoccurring_imbalanced,,,,,,,,,,,,,,,,,,,,,,,,,,,,,,,,,,,,,,,,,,,,,,,,,,
dataset_experiment_info/insects/gradual_balanced,,,,,,,,,,,,,,,,,,,,,,,,,,,,,,,,,,,,,,,,,,,,,,,,,,
dataset_experiment_info/italian_city_airquality,,,,,,,,,,,,,,,,,,,,,,,,,,,,,,,,,,,,,,,,,,,,,,,,,,
dataset_experiment_info/powersupply,,,,,,,,,,,,,,,,,,,,,,,,,,,,,,,,,,,,,,,,,,,,,,,,,,
dataset_experiment_info/taxi_ride_duration,,,,,,,,,,,,,,,,,,,,,,,,,,,,,,,,,,,,,,,,,,,,,,,,,,
dataset_experiment_info/airbnb,,,,,,,,,,,,,,,,,,,,,,,,,,,,,,,,,,,,,,,,,,,,,,,,,,
dataset_experiment_info/room_occupancy,,,,,,,,,,,,,,,,,,,,,,,,,,,,,,,,,,,,,,,,,,,,,,,,,,
dataset_experiment_info/bitcoin,,,,,,,,,,,,,,,,,,,,,,,,,,,,,,,,,,,,,,,,,,,,,,,,,,
dataset_experiment_info/airlines,,,,,,,,,,,,,,,,,,,,,,,,,,,,,,,,,,,,,,,,,,,,,,,,,,
dataset_experiment_info/traffic_volumn,,,,,,,,,,,,,,,,,,,,,,,,,,,,,,,,,,,,,,,,,,,,,,,,,,
dataset_experiment_info/news_popularity,,,,,,,,,,,,,,,,,,,,,,,,,,,,,,,,,,,,,,,,,,,,,,,,,,
dataset_experiment_info/beijingPM2.5,,,,,,,,,,,,,,,,,,,,,,,,,,,,,,,,,,,,,,,,,,,,,,,,,,
dataset_experiment_info/energy_prediction,,,,,,,,,,,,,,,,,,,,,,,,,,,,,,,,,,,,,,,,,,,,,,,,,,
dataset_experiment_info/household,,,,,,,,,,,,,,,,,,,,,,,,,,,,,,,,,,,,,,,,,,,,,,,,,,
dataset_experiment_info/election,,,,,,,,,,,,,,,,,,,,,,,,,,,,,,,,,,,,,,,,,,,,,,,,,,
dataset_experiment_info/luxembourg,,,,,,,,,,,,,,,,,,,,,,,,,,,,,,,,,,,,,,,,,,,,,,,,,,
dataset_experiment_info/covtype,,,,,,,,,,,,,,,,,,,,,,,,,,,,,,,,,,,,,,,,,,,,,,,,,,
dataset_experiment_info/house_rent,,,,,,,,,,,,,,,,,,,,,,,,,,,,,,,,,,,,,,,,,,,,,,,,,,
dataset_experiment_info/safe_driver,,,,,,,,,,,,,,,,,,,,,,,,,,,,,,,,,,,,,,,,,,,,,,,,,,
dataset_experiment_info/5cities,,,,,,,,,,,,,,,,,,,,,,,,,,,,,,,,,,,,,,,,,,,,,,,,,,
dataset_experiment_info/5cities/shenyang,,,,,,,,,,,,,,,,,,,,,,,,,,,,,,,,,,,,,,,,,,,,,,,,,,
dataset_experiment_info/5cities/guangzhou,,,,,,,,,,,,,,,,,,,,,,,,,,,,,,,,,,,,,,,,,,,,,,,,,,
dataset_experiment_info/5cities/beijing,,,,,,,,,,,,,,,,,,,,,,,,,,,,,,,,,,,,,,,,,,,,,,,,,,
dataset_experiment_info/5cities/shanghai,,,,,,,,,,,,,,,,,,,,,,,,,,,,,,,,,,,,,,,,,,,,,,,,,,
dataset_experiment_info/5cities/chengdu,,,,,,,,,,,,,,,,,,,,,,,,,,,,,,,,,,,,,,,,,,,,,,,,,,
